,bac_3,citi_3,corn_6,euro_3,gold_6,iyr_3,oil_6,pound_3,silver_6,soybns_6,sp12m_12,sp6m_6,tr10yr_3,tr10yr_6,tr5yr_3,wheat_6,yen_3
vol_20d,7.11975,7.63537,10.06134,16.22853,14.46521,12.05981,5.84923,15.23059,12.54711,14.65328,27.11729,24.81248,4.5715,-0.03311,7.01815,9.71357,13.2247
vol_30d,7.28233,7.8795,10.21221,16.15229,14.63813,12.14495,5.69202,15.25123,12.6388,14.68087,27.66513,25.0402,4.85035,-0.02986,8.48942,9.75437,13.48564
vol_1y,7.52585,8.555,10.09689,16.644,15.06105,12.29549,5.49247,15.2959,13.00386,14.68139,30.13512,26.98827,4.95281,-0.04049,5.99997,9.42112,13.81908
vol_3y,9.09717,10.08878,10.93411,16.56084,15.36124,12.9595,5.60135,15.63555,13.05192,14.89508,31.49978,27.60585,6.39953,-0.01575,10.40611,9.7597,14.04458
