,Coefficient,T-value,P-value
const,0.030103352185963574,4.188161889007236,3.227163503034821e-05
sd,0.6720392594595362,14.817990043512246,1.1769467719001738e-42
R-squared,0.2646817992013264,,
