,Coefficient,T-value,P-value
const,0.12398369493738207,10.831345953676527,3.9932762515056977e-25
sd,0.6646577046876596,9.202417845586194,5.51441307736695e-19
R-squared,0.12190353305885337,,
