,Coefficient,T-value,P-value
const,0.007344185600134723,1.3184451866222822,0.18784947588656806
sd,0.6164833274258938,17.53984794719621,4.5148751282028195e-56
R-squared,0.33525583594229413,,
