,Coefficient,T-value,P-value
const,0.06639139378332833,7.3154288489607735,8.110761154019127e-13
sd,0.6756678330366368,11.799057058306985,4.3816794818497775e-29
R-squared,0.1858174715377433,,
