,Coefficient,T-value,P-value
const,0.15510758493933652,12.222355086794856,6.979746697150747e-31
sd,0.6605878390995772,8.2497063198393,9.804559710446655e-16
R-squared,0.10037148600213552,,
