,Coefficient,T-value,P-value
const,0.09726755852949817,9.38874069892893,1.1890800737063854e-19
sd,0.6689939632845241,10.234051114171804,8.576179106030155e-23
R-squared,0.14653778624773228,,
