,Coefficient,T-value,P-value
const,-0.012625219473922719,-3.762994597911731,0.0001840957196747505
sd,0.4539275759144958,21.44209807607706,1.9246718271746243e-76
R-squared,0.429780544821993,,
