,Coefficient,T-value,P-value
const,0.07992469947046628,6.930610076516412,1.0686842521740165e-11
sd,0.7852168557305932,10.693422514920627,1.4050653049770591e-24
R-squared,0.15786484150332247,,
