,Coefficient,T-value,P-value
const,0.048383064072159504,4.876208390897211,1.3812202095738093e-06
sd,0.7968989742991812,12.613302639161985,1.4132293837852063e-32
R-squared,0.20686042687277417,,
