,Coefficient,T-value,P-value
const,-0.018354009191165265,-5.356519103940339,1.2037501390057029e-07
sd,0.49511337706933967,22.693058517791812,4.026930103172222e-83
R-squared,0.45776568228550585,,
