,Coefficient,T-value,P-value
const,0.10829003255960795,8.425682717182852,2.578854782961664e-16
sd,0.7695625320774939,9.403665905039793,1.050553831907599e-19
R-squared,0.12661121031019407,,
