,Coefficient,T-value,P-value
const,0.145488635856045,10.1205744299908,2.323278068454673e-22
sd,0.7256698160095625,7.927784017842419,1.066224405156861e-14
R-squared,0.09340831077426293,,
