,Coefficient,T-value,P-value
const,-0.004777594388629625,-0.8224101040463362,0.411164884086359
sd,0.7011528486872598,18.955206658158723,2.3947773566874338e-63
R-squared,0.37067978082249975,,
