,Coefficient,T-value,P-value
const,0.014726181526314318,1.9065790051685065,0.05704470899654838
sd,0.778712280334749,15.833551526644705,1.4819262008859163e-47
R-squared,0.29127565885341444,,
