,Coefficient,T-value,P-value
const,0.050423608395093016,8.279217308132456,8.497735495486433e-16
sd,0.4810085978314563,15.893702791384268,1.604565285590915e-47
R-squared,0.30230592307713466,,
