,Coefficient,T-value,P-value
const,0.0245227082325631,5.426353993238808,8.444579068646186e-08
sd,0.31715285473289834,14.122942909614338,3.648810746321147e-39
R-squared,0.2549116242613563,,
