,Coefficient,T-value,P-value
const,0.010864934830726758,3.4321545199874497,0.0006412400354752492
sd,0.1910430518840451,12.144729365388537,2.0488240271211333e-30
R-squared,0.2019104335210612,,
