,Coefficient,T-value,P-value
const,0.08019364786237386,11.717723546660135,1.2649518448560524e-28
sd,0.460524268228574,13.541684376009739,1.601434986904578e-36
R-squared,0.23927801084551847,,
