,Coefficient,T-value,P-value
const,0.03201307868420332,6.188359089746386,1.1461508521759417e-09
sd,0.4134780296706627,16.084863884560097,1.901149539273141e-48
R-squared,0.3073729641027415,,
