,Coefficient,T-value,P-value
const,0.1599739178994722,19.641288995589097,2.6635766582317516e-66
sd,0.3011185626348396,7.440039151758463,3.6247244854370417e-13
R-squared,0.08671390286189251,,
