,Coefficient,T-value,P-value
const,0.11572560301271834,15.306106995640901,1.059654629015089e-44
sd,0.3935403740496036,10.474697124341398,1.216565508433253e-23
R-squared,0.1583892393914158,,
