,Coefficient,T-value,P-value
const,0.055375094404202914,12.02469925086442,6.663437277246962e-30
sd,0.4716612466542327,12.067122379977697,4.414173527830886e-30
R-squared,0.20012692697445422,,
