,Coefficient,T-value,P-value
const,0.021569912545404316,6.93451549439128,1.0872643284107656e-11
sd,0.3804866570657851,14.411890353103145,1.729562674144832e-40
R-squared,0.26301368119653823,,
