,Coefficient,T-value,P-value
const,0.04689147476808725,11.138425467800344,2.967154279113699e-26
sd,0.43750917570168496,12.244212444825253,7.839741882941726e-31
R-squared,0.2048319312866731,,
