,Coefficient,T-value,P-value
const,0.06481397931763708,12.696396257006043,8.90445868652503e-33
sd,0.5136807943096553,11.8554731105292,3.415205118172716e-29
R-squared,0.19452191049083967,,
