,Coefficient,T-value,P-value
const,0.0008111938731949972,0.4427365336097229,0.6581208136466046
sd,0.23780877802674175,15.291932034392211,1.270115058086012e-44
R-squared,0.28662761367031064,,
