,Coefficient,T-value,P-value
const,0.011222693867349157,4.393309296763023,1.326673768223659e-05
sd,0.3392085361144556,15.64498729895223,2.607136460313745e-46
R-squared,0.29605201210351084,,
