,Coefficient,T-value,P-value
const,0.03656499256294252,9.680429957746222,1.1911540557604226e-20
sd,0.4022983473438346,12.548481803694637,3.8914945538742604e-32
R-squared,0.21294385033189744,,
