,Coefficient,T-value,P-value
const,0.031095436116368384,4.252282716543659,2.4112506631337095e-05
sd,0.5885247202498669,11.489845943760402,4.690374106744147e-28
R-squared,0.1621792065777421,,
