,Coefficient,T-value,P-value
const,-0.0011287350346817922,-0.22305442609347226,0.8235599368298205
sd,0.5435889019377608,15.336047278140587,7.938323432985787e-46
R-squared,0.25642803743064935,,
