,Coefficient,T-value,P-value
const,-0.0118918207161656,-3.0978806185287264,0.0020291335292206138
sd,0.49334561228559376,18.34812168135893,2.02985417275675e-61
R-squared,0.3304887740069703,,
