,Coefficient,T-value,P-value
const,-0.018721467122679164,-8.632546366841114,4.217687405362428e-17
sd,0.36354124744519667,23.931876352885602,2.337250619652076e-92
R-squared,0.45645880610150236,,
