,Coefficient,T-value,P-value
const,0.04534797833817775,5.616019730412753,2.84624932174567e-08
sd,0.596846769018861,10.552553403793272,3.2302362960925083e-24
R-squared,0.1403611109437547,,
