,Coefficient,T-value,P-value
const,0.014933317735831148,2.345603886123881,0.01928185833451457
sd,0.579282516806191,12.990109299759691,1.2384509000971257e-34
R-squared,0.1983477402646846,,
