,Coefficient,T-value,P-value
const,0.06396255134391114,7.138511367585904,2.421781157727988e-12
sd,0.5928158431248136,9.445516166575766,5.516077780012798e-20
R-squared,0.11568428331089364,,
